<application>
  <component name="FeatureSuggesterSettings">
    <option name="workingDays">
      <list>
        <option value="1713099505308" />
        <option value="1713182944433" />
        <option value="1713244758893" />
        <option value="1713343788434" />
        <option value="1713430306355" />
        <option value="1713581441469" />
        <option value="1713700585097" />
        <option value="1713787760851" />
        <option value="1713873853685" />
        <option value="1713969481882" />
        <option value="1714143079731" />
        <option value="1714358185475" />
        <option value="1715339276726" />
        <option value="1715488947961" />
        <option value="1715922795765" />
        <option value="1716000187420" />
        <option value="1716126489119" />
        <option value="1716189859932" />
        <option value="1716463322186" />
        <option value="1716549263340" />
        <option value="1716727020805" />
        <option value="1716799656124" />
        <option value="1716983327044" />
        <option value="1717030098391" />
        <option value="1717222243727" />
        <option value="1717327527042" />
        <option value="1717405206954" />
        <option value="1718021904714" />
        <option value="1718889574945" />
        <option value="1719306624168" />
      </list>
    </option>
  </component>
</application>