<application>
  <component name="Translation.Cache">
    <option name="lastTrimTime" value="1716988183382" />
  </component>
  <component name="Translation.Settings">
    <option name="translator" value="MICROSOFT" />
  </component>
  <component name="Translation.States">
    <option name="newTranslationDialogHeight" value="260" />
    <option name="newTranslationDialogWidth" value="596" />
    <option name="newTranslationDialogX" value="739" />
    <option name="newTranslationDialogY" value="35" />
    <histories>
      <item value="Trace" />
      <item value="循环&#10;" />
      <item value="Scheduler class: 'org.quartz.core.QuartzScheduler' - running locally. NOT STARTED. Currently in standby mode. Number of jobs executed: 0 Using thread pool 'org.quartz.simpl.SimpleThreadPool' - with 10 threads. Using job-store 'org.quartz.simpl.RAMJobStore' - which does not support persistence. and is not clustered." />
      <item value="Required request part 'bannerFile' is not present" />
      <item value="present" />
      <item value="Failed to convert value of type 'java.lang.String' to required type 'java.lang.Long'; nested exception is java.lang.NumberFormatException: For input string: &quot;mp&quot;" />
      <item value="coercion" />
      <item value="My" />
      <item value="Required request part 'avatarfile' is not present" />
      <item value="Required request parameter 'avatarUrl' for method parameter type String is not present" />
      <item value="Repeatable" />
      <item value="Performs the given action for each element of the Iterable until all elements have been processed or the action throws an exception. Unless otherwise specified by the implementing class, actions are performed in the order of iteration (if an iteration order is specified). Exceptions thrown by the action are relayed to the caller." />
      <item value="Wrapper" />
      <item value="Query" />
      <item value="application" />
      <item value="Template" />
      <item value="String" />
      <item value="reader" />
      <item value="基础课程" />
      <item value="Multipart File" />
      <item value="Http Servlet" />
      <item value="servlet" />
      <item value="Required request part 'file' is not present" />
      <item value="素质教育&#10;&#10;&#10;&#10;" />
      <item value="素质&#10;&#10;&#10;" />
      <item value="shu&#10;&#10;&#10;" />
      <item value="实践教学&#10;&#10;&#10;" />
      <item value="shi&#10;&#10;" />
      <item value="特色&#10;&#10;&#10;" />
      <item value="核心&#10;&#10;" />
      <item value="专业&#10;&#10;" />
      <item value="zhuany&#10;" />
      <item value="公共&#10;" />
      <item value="Foundation" />
      <item value="org.apache.poi.poifs.filesystem.NotOLE2FileException: Invalid header signature; read 0x0000000000000000, expected 0xE11AB1A1E011CFD0 - Your file appears not to be a valid OLE2 document at org.apache.poi.poifs.storage.HeaderBlock.&lt;init&gt;(HeaderBlock.java:151) at org.apache.poi.poifs.storage.HeaderBlock.&lt;init&gt;(HeaderBlock.java:117) at org.apache.poi.poifs.filesystem.POIFSFileSystem.&lt;init&gt;(POIFSFileSystem.java:283) at org.apache.poi.hssf.usermodel.HSSFWorkbook.&lt;init&gt;(HSSFWorkbook.java:399) at org.apache.poi.hssf.usermodel.HSSFWorkbook.&lt;init&gt;(HSSFWorkbook.java:381) at com.example.service.CourseReaderTest.fileOpenTest2(CourseReaderTest.java:78) at sun.reflect.NativeMethodAccessorImpl.invoke0(Native Method) at sun.reflect.NativeMethodAccessorImpl.invoke(NativeMethodAccessorImpl.java:62) at sun.reflect.DelegatingMethodAccessorImpl.invoke(DelegatingMethodAccessorImpl.java:43) at java.lang.reflect.Method.invoke(Method.java:498) at org.junit.platform.commons.util.ReflectionUtils.invokeMethod(ReflectionUtils.java:725) at org.junit.jupiter.engine.execution.MethodInvocation.proceed(MethodInvocation.java:60) at org.junit.jupiter.engine.execution.InvocationInterceptorChainValidatingInvocation.proceed(InvocationInterceptorChain.java:131) at org.junit.jupiter.engine.extension.TimeoutExtension.intercept(TimeoutExtension.java:149) at org.junit.jupiter.engine.extension.TimeoutExtension.interceptTestableMethod(TimeoutExtension.java:140) at org.junit.jupiter.engine.extension.TimeoutExtension.interceptTestMethod(TimeoutExtension.java:84) at org.junit.jupiter.engine.execution.ExecutableInvokerReflectiveInterceptorCall.lambdaofVoidMethod0(ExecutableInvoker.java:115) at org.junit.jupiter.engine.execution.ExecutableInvoker.lambdainvoke0(ExecutableInvoker.java:105) at org.junit.jupiter.engine.execution.InvocationInterceptorChainInterceptedInvocation.proceed(InvocationInterceptorChain.java:106) at org.junit.jupiter.engine.execution.InvocationInterceptorChain.proceed(InvocationInterceptorChain.java:64) at org.junit.jupiter.engine.execution.InvocationInterceptorChain.chainAndInvoke(InvocationInterceptorChain.java:45) at org.junit.jupiter.engine.execution.InvocationInterceptorChain.invoke(InvocationInterceptorChain.java:37) at org.junit.jupiter.engine.execution.ExecutableInvoker.invoke(ExecutableInvoker.java:104) at org.junit.jupiter.engine.execution.ExecutableInvoker.invoke(ExecutableInvoker.java:98) at org.junit.jupiter.engine.descriptor.TestMethodTestDescriptor.lambdainvokeTestMethod7(TestMethodTestDescriptor.java:214) at org.junit.platform.engine.support.hierarchical.ThrowableCollector.execute(ThrowableCollector.java:73) at org.junit.jupiter.engine.descriptor.TestMethodTestDescriptor.invokeTestMethod(TestMethodTestDescriptor.java:210) at org.junit.jupiter.engine.descriptor.TestMethodTestDescriptor.execute(TestMethodTestDescriptor.java:135) at org.junit.jupiter.engine.descriptor.TestMethodTestDescriptor.execute(TestMethodTestDescriptor.java:66) at org.junit.platform.engine.support.hierarchical.NodeTestTask.lambdaexecuteRecursively6(NodeTestTask.java:151) at org.junit.platform.engine.support.hierarchical.ThrowableCollector.execute(ThrowableCollector.java:73) at org.junit.platform.engine.support.hierarchical.NodeTestTask.lambdaexecuteRecursively8(NodeTestTask.java:141) at org.junit.platform.engine.support.hierarchical.Node.around(Node.java:137) at org.junit.platform.engine.support.hierarchical.NodeTestTask.lambdaexecuteRecursively9(NodeTestTask.java:139) at org.junit.platform.engine.support.hierarchical.ThrowableCollector.execute(ThrowableCollector.java:73) at org.junit.platform.engine.support.hierarchical.NodeTestTask.executeRecursively(NodeTestTask.java:138) at org.junit.platform.engine.support.hierarchical.NodeTestTask.execute(NodeTestTask.java:95) at java.util.ArrayList.forEach(ArrayList.java:1259) at org.junit.platform.engine.support.hierarchical.SameThreadHierarchicalTestExecutorService.invokeAll(SameThreadHierarchicalTestExecutorService.java:41) at org.junit.platform.engine.support.hierarchical.NodeTestTask.lambdaexecuteRecursively6(NodeTestTask.java:155) at org.junit.platform.engine.support.hierarchical.ThrowableCollector.execute(ThrowableCollector.java:73) at org.junit.platform.engine.support.hierarchical.NodeTestTask.lambdaexecuteRecursively8(NodeTestTask.java:141) at org.junit.platform.engine.support.hierarchical.Node.around(Node.java:137) at org.junit.platform.engine.support.hierarchical.NodeTestTask.lambdaexecuteRecursively9(NodeTestTask.java:139) at org.junit.platform.engine.support.hierarchical.ThrowableCollector.execute(ThrowableCollector.java:73) at org.junit.platform.engine.support.hierarchical.NodeTestTask.executeRecursively(NodeTestTask.java:138) at org.junit.platform.engine.support.hierarchical.NodeTestTask.execute(NodeTestTask.java:95) at java.util.ArrayList.forEach(ArrayList.java:1259) at org.junit.platform.engine.support.hierarchical.SameThreadHierarchicalTestExecutorService.invokeAll(SameThreadHierarchicalTestExecutorService.java:41) at org.junit.platform.engine.support.hierarchical.NodeTestTask.lambdaexecuteRecursively6(NodeTestTask.java:155) at org.junit.platform.engine.support.hierarchical.ThrowableCollector.execute(ThrowableCollector.java:73) at org.junit.platform.engine.support.hierarchical.NodeTestTask.lambdaexecuteRecursively8(NodeTestTask.java:141) at org.junit.platform.engine.support.hierarchical.Node.around(Node.java:137) at org.junit.platform.engine.support.hierarchical.NodeTestTask.lambdaexecuteRecursively9(NodeTestTask.java:139) at org.junit.platform.engine.support.hierarchical.ThrowableCollector.execute(ThrowableCollector.java:73) at org.junit.platform.engine.support.hierarchical.NodeTestTask.executeRecursively(NodeTestTask.java:138) at org.junit.platform.engine.support.hierarchical.NodeTestTask.execute(NodeTestTask.java:95) at org.junit.platform.engine.support.hierarchical.SameThreadHierarchicalTestExecutorService.submit(SameThreadHierarchicalTestExecutorService.java:35) at org.junit.platform.engine.support.hierarchical.HierarchicalTestExecutor.execute(HierarchicalTestExecutor.java:57) at org.junit.platform.engine.support.hierarchical.HierarchicalTestEngine.execute(HierarchicalTestEngine.java:54) at org.junit.platform.launcher.core.EngineExecutionOrchestrator.execute(EngineExecutionOrchestrator.java:107) at org.junit.platform.launcher.core.EngineExecutionOrchestrator.execute(EngineExecutionOrchestrator.java:88) at org.junit.platform.launcher.core.EngineExecutionOrchestrator.lambdaexecute0(EngineExecutionOrchestrator.java:54) at org.junit.platform.launcher.core.EngineExecutionOrchestrator.withInterceptedStreams(EngineExecutionOrchestrator.java:67) at org.junit.platform.launcher.core.EngineExecutionOrchestrator.execute(EngineExecutionOrchestrator.java:52) at org.junit.platform.launcher.core.DefaultLauncher.execute(DefaultLauncher.java:114) at org.junit.platform.launcher.core.DefaultLauncher.execute(DefaultLauncher.java:86) at org.junit.platform.launcher.core.DefaultLauncherSessionDelegatingLauncher.execute(DefaultLauncherSession.java:86) at org.junit.platform.launcher.core.SessionPerRequestLauncher.execute(SessionPerRequestLauncher.java:53) at com.intellij.junit5.JUnit5IdeaTestRunner.startRunnerWithArgs(JUnit5IdeaTestRunner.java:71) at com.intellij.rt.junit.IdeaTestRunnerRepeater1.execute(IdeaTestRunner.java:38) at com.intellij.rt.execution.junit.TestsRepeater.repeat(TestsRepeater.java:11) at com.intellij.rt.junit.IdeaTestRunnerRepeater.startRunnerWithArgs(IdeaTestRunner.java:35) at com.intellij.rt.junit.JUnitStarter.prepareStreamsAndStart(JUnitStarter.java:235) at com.intellij.rt.junit.JUnitStarter.main(JUnitStarter.java:54) 进程已结束,退出代码0" />
      <item value="Invalid header signature" />
      <item value="The supplied file was empty" />
      <item value="Invalid" />
      <item value="java.lang.IllegalArgumentException: Invalid row number (-6) outside allowable range (0..1048575)" />
      <item value="Internal Error occurred." />
      <item value="java.io.IOException: Zip bomb detected! The file would exceed the max. ratio of compressed file size to the size of the expanded data. This may indicate that the file is used to inflate memory usage and thus could pose a security risk. You can adjust this limit via ZipSecureFile.setMinInflateRatio() if you need to work with files which exceed this limit. Uncompressed size: 105644, Rawcompressed size: 832, ratio: 0.007876 Limits: MIN_INFLATE_RATIO: 0.010000, Entry: xlstyles.xml" />
      <item value="ip bomb detected! The file would exceed the max. ratio of compressed file size to the size of the expanded data. This may indicate that the file is used to inflate memory usage and thus could pose a security risk. You can adjust this limit via ZipSecureFile.setMinInflateRatio() if you need to work with files which exceed this limit. Uncompressed size: 104040, Rawcompressed size: 776, ratio: 0.007459" />
      <item value="Zip bomb detected!" />
      <item value="Document" />
      <item value="java.lang.ClassCastException: org.apache.poi.xwpf.usermodel.XWPFParagraph cannot be cast to Demo.ApachePOI.DocPOI.tools.WordParagrap" />
      <item value="cast" />
      <item value="create" />
      <item value="Text" />
      <item value="Paragraph" />
      <item value="JUSTIFIED" />
    </histories>
    <option name="languageScores">
      <map>
        <entry key="CHINESE" value="53" />
        <entry key="ENGLISH" value="54" />
        <entry key="ROMANIAN" value="1" />
        <entry key="TAHITIAN" value="2" />
      </map>
    </option>
  </component>
</application>