<keymap version="1" name="Windows 副本" parent="$default">
  <action id="ChooseRunConfiguration">
    <keyboard-shortcut first-keystroke="shift f10" />
  </action>
  <action id="EditorLineEnd">
    <keyboard-shortcut first-keystroke="ctrl right" />
    <keyboard-shortcut first-keystroke="end" />
  </action>
  <action id="EditorNextWord" />
  <action id="Generate">
    <keyboard-shortcut first-keystroke="alt d" />
  </action>
  <action id="Run">
    <keyboard-shortcut first-keystroke="alt a" />
  </action>
  <action id="Stop">
    <keyboard-shortcut first-keystroke="alt s" />
  </action>
</keymap>